-- --------------------------------------------------------
-- Hôte:                         127.0.0.1
-- Version du serveur:           5.7.36 - MySQL Community Server (GPL)
-- SE du serveur:                Win64
-- HeidiSQL Version:             12.0.0.6468
-- --------------------------------------------------------

/*!40101 SET @OLD_CHARACTER_SET_CLIENT=@@CHARACTER_SET_CLIENT */;
/*!40101 SET NAMES utf8 */;
/*!50503 SET NAMES utf8mb4 */;
/*!40103 SET @OLD_TIME_ZONE=@@TIME_ZONE */;
/*!40103 SET TIME_ZONE='+00:00' */;
/*!40014 SET @OLD_FOREIGN_KEY_CHECKS=@@FOREIGN_KEY_CHECKS, FOREIGN_KEY_CHECKS=0 */;
/*!40101 SET @OLD_SQL_MODE=@@SQL_MODE, SQL_MODE='NO_AUTO_VALUE_ON_ZERO' */;
/*!40111 SET @OLD_SQL_NOTES=@@SQL_NOTES, SQL_NOTES=0 */;


-- Listage de la structure de la base pour emp_prod
DROP DATABASE IF EXISTS `emp_prod`;
CREATE DATABASE IF NOT EXISTS `emp_prod` /*!40100 DEFAULT CHARACTER SET latin1 */;
USE `emp_prod`;

-- Listage de la structure de table emp_prod. clients
DROP TABLE IF EXISTS `clients`;
CREATE TABLE IF NOT EXISTS `clients` (
  `id` int(11) NOT NULL AUTO_INCREMENT,
  `nom` varchar(50) NOT NULL,
  `prenom` varchar(50) NOT NULL,
  `email` varchar(100) NOT NULL,
  `adresse` varchar(255) NOT NULL,
  `pays` varchar(100) NOT NULL,
  `code_postal` varchar(5) NOT NULL,
  `age` int(3) DEFAULT NULL,
  PRIMARY KEY (`id`),
  UNIQUE KEY `email` (`email`),
  KEY `code_postal` (`code_postal`),
  CONSTRAINT `clients_ibfk_1` FOREIGN KEY (`code_postal`) REFERENCES `villes` (`code_postal`)
) ENGINE=InnoDB AUTO_INCREMENT=41 DEFAULT CHARSET=latin1;

-- Listage des données de la table emp_prod.clients : ~40 rows (environ)
DELETE FROM `clients`;
INSERT INTO `clients` (`id`, `nom`, `prenom`, `email`, `adresse`, `pays`, `code_postal`, `age`) VALUES
	(1, 'Dupont', 'Jean', 'jean.dupont@mail.com', '2 rue du Paradis', 'France', '76000', 32),
	(2, 'Martin', 'Sophie', 'sophie.martin@mail.com', '5 rue des Fleurs', 'France', '78800', NULL),
	(3, 'Garcia', 'Maria', 'maria.garcia@mail.com', '15 avenue des Palmiers', 'France', '78800', NULL),
	(4, 'Durand', 'Jean', 'jean.durand@mail.com', '15 rue de la Paix', 'France', '75001', 28),
	(5, 'Dubois', 'Sophie', 'sophie.dubois@mail.com', '3 avenue des Champs-Elysées', 'France', '75008', 42),
	(6, 'Lefebvre', 'Pierre', 'pierre.lefebvre@mail.com', '25 rue du Faubourg Saint-Honoré', 'France', '75008', 56),
	(7, 'Martin', 'Julie', 'julie.martin@mail.com', '10 rue de Rivoli', 'France', '75001', 21),
	(8, 'Bernard', 'Nicolas', 'nicolas.bernard@mail.com', '12 rue de la Pompe', 'France', '75016', 34),
	(9, 'Garcia', 'Léa', 'lea.garcia@mail.com', '2 boulevard Haussmann', 'France', '75009', 29),
	(10, 'David', 'Laure', 'laure.david@mail.com', '8 avenue Foch', 'France', '78700', 62),
	(11, 'Bertin', 'Mathieu', 'mathieu.bertin@mail.com', '6 rue des Francs-Bourgeois', 'France', '75004', 25),
	(12, 'Roux', 'Emilie', 'emilie.roux@mail.com', '14 rue de la Roquette', 'France', '75011', 31),
	(13, 'Blanc', 'Antoine', 'antoine.blanc@mail.com', '30 avenue Montaigne', 'France', '75008', 37),
	(14, 'Fournier', 'Caroline', 'caroline.fournier@mail.com', '11 rue de la Bourse', 'France', '75002', 27),
	(15, 'Morel', 'Guillaume', 'guillaume.morel@mail.com', '9 rue Royale', 'France', '78000', 52),
	(16, 'Lemaire', 'Hélène', 'helene.lemaire@mail.com', '24 avenue des Ternes', 'France', '75017', 45),
	(17, 'Dupont', 'Luc', 'luc.dupont@mail.com', '18 rue de la Pompe', 'France', '75016', 39),
	(18, 'Rousseau', 'Nathalie', 'nathalie.rousseau@mail.com', '13 rue de la Paix', 'France', '75001', 47),
	(19, 'Giraud', 'Olivier', 'olivier.giraud@mail.com', '5 avenue de l\'Opéra', 'France', '75001', 33),
	(20, 'Henry', 'Aurélie', 'aurelie.henry@mail.com', '20 rue du Cherche-Midi', 'France', '75006', 23),
	(21, 'Martin', 'Camille', 'camille.martin@mail.com', '2 Rue des Lilas', 'France', '75001', 32),
	(22, 'Lefebvre', 'Antoine', 'antoine.lefebvre@mail.com', '7 Rue des Champs', 'France', '76100', 27),
	(23, 'Dubois', 'Sophie', 'dubois.sophie@mail.com', '10 Rue de la Paix', 'France', '75003', 41),
	(24, 'Roux', 'Lucas', 'lucas.roux@mail.com', '12 Rue de la République', 'France', '76300', 29),
	(25, 'Lecomte', 'Pauline', 'pauline.lecomte@mail.com', '14 Rue de la Liberté', 'France', '76500', 25),
	(26, 'Dupont', 'Nicolas', 'nicolas.dupont@mail.com', '16 Rue du Bac', 'France', '76800', 37),
	(27, 'Moreau', 'Marie', 'marie.moreau@mail.com', '18 Rue des Roses', 'France', '76100', 28),
	(28, 'Garcia', 'David', 'david.garcia@mail.com', '20 Rue des Peupliers', 'France', '76300', 35),
	(29, 'Lopez', 'Charlotte', 'charlotte.lopez@mail.com', '22 Rue des Violettes', 'France', '76500', 33),
	(30, 'Moulin', 'Julien', 'julien.moulin@mail.com', '24 Rue des Platanes', 'France', '76800', 31),
	(31, 'Berger', 'Sophie', 'sophie.berger@mail.com', '26 Rue des Tulipes', 'France', '77100', 40),
	(32, 'Marchand', 'Pierre', 'pierre.marchand@mail.com', '28 Rue des Pommiers', 'France', '77300', 26),
	(33, 'Leroy', 'Camille', 'camille.leroy@mail.com', '30 Rue des Marronniers', 'France', '77500', 24),
	(34, 'Fernandez', 'Antoine', 'antoine.fernandez@mail.com', '32 Rue des Châtaigniers', 'France', '77860', 38),
	(35, 'André', 'Elodie', 'elodie.andre@mail.com', '34 Rue des Pins', 'France', '78000', NULL),
	(36, 'Robin', 'Théo', 'theo.robin@mail.com', '36 Rue des Platanes', 'France', '78200', 28),
	(37, 'Chevalier', 'Mélissa', 'melissa.chevalier@mail.com', '38 Rue des Lilas', 'France', '78400', 29),
	(38, 'Carpentier', 'Nathan', 'nathan.carpentier@mail.com', '40 Rue des Roses', 'France', '78600', 32),
	(39, 'Girard', 'Chloé', 'chloe.girard@mail.com', '42 Rue des Pommiers', 'France', '78800', 27),
	(40, 'Renard', 'Tom', 'tom.renard@mail.com', '44 Rue des Champs', 'France', '78990', 31);

-- Listage de la structure de table emp_prod. commandes
DROP TABLE IF EXISTS `commandes`;
CREATE TABLE IF NOT EXISTS `commandes` (
  `id` int(11) NOT NULL AUTO_INCREMENT,
  `date_commande` date NOT NULL,
  `client_id` int(11) NOT NULL,
  PRIMARY KEY (`id`),
  KEY `client_id` (`client_id`),
  CONSTRAINT `commandes_ibfk_1` FOREIGN KEY (`client_id`) REFERENCES `clients` (`id`)
) ENGINE=InnoDB AUTO_INCREMENT=101 DEFAULT CHARSET=latin1;

-- Listage des données de la table emp_prod.commandes : ~100 rows (environ)
DELETE FROM `commandes`;
INSERT INTO `commandes` (`id`, `date_commande`, `client_id`) VALUES
	(1, '2020-01-03', 10),
	(2, '2020-02-11', 22),
	(3, '2020-03-22', 7),
	(4, '2020-05-01', 31),
	(5, '2020-06-19', 18),
	(6, '2020-07-14', 38),
	(7, '2020-09-02', 16),
	(8, '2020-10-07', 26),
	(9, '2020-11-09', 2),
	(10, '2020-12-16', 35),
	(11, '2021-01-08', 24),
	(12, '2021-02-01', 1),
	(13, '2021-03-15', 36),
	(14, '2021-04-10', 11),
	(15, '2021-05-03', 19),
	(16, '2021-06-20', 5),
	(17, '2021-07-19', 33),
	(18, '2021-09-01', 17),
	(19, '2021-10-29', 14),
	(20, '2021-12-03', 39),
	(21, '2022-01-21', 29),
	(22, '2022-02-28', 20),
	(23, '2022-03-15', 25),
	(24, '2022-03-28', 3),
	(25, '2020-01-22', 12),
	(26, '2020-02-14', 21),
	(27, '2020-03-29', 37),
	(28, '2020-05-09', 8),
	(29, '2020-06-25', 30),
	(30, '2020-07-26', 23),
	(31, '2020-08-21', 6),
	(32, '2020-09-18', 15),
	(33, '2020-10-16', 40),
	(34, '2020-11-13', 32),
	(35, '2020-12-20', 9),
	(36, '2021-01-15', 27),
	(37, '2021-02-13', 13),
	(38, '2021-03-20', 34),
	(39, '2021-04-17', 4),
	(40, '2021-06-03', 28),
	(41, '2021-07-04', 22),
	(42, '2021-08-12', 7),
	(43, '2021-09-14', 31),
	(44, '2021-11-01', 18),
	(45, '2021-12-07', 38),
	(46, '2022-02-02', 16),
	(47, '2022-03-01', 26),
	(48, '2022-03-23', 2),
	(49, '2020-01-11', 35),
	(50, '2020-02-24', 24),
	(51, '2020-04-03', 1),
	(52, '2020-05-23', 36),
	(53, '2020-07-02', 11),
	(54, '2020-08-11', 19),
	(55, '2020-09-28', 5),
	(56, '2020-11-02', 33),
	(57, '2020-12-09', 17),
	(58, '2021-01-05', 14),
	(59, '2021-02-18', 39),
	(60, '2021-03-25', 29),
	(61, '2021-04-30', 20),
	(62, '2021-06-05', 26),
	(63, '2021-07-24', 25),
	(64, '2021-08-22', 3),
	(65, '2021-10-06', 12),
	(66, '2021-11-08', 21),
	(67, '2021-12-18', 37),
	(68, '2022-01-17', 8),
	(69, '2022-02-10', 30),
	(70, '2022-03-05', 23),
	(71, '2020-01-19', 6),
	(72, '2020-02-21', 15),
	(73, '2020-04-07', 40),
	(74, '2020-05-27', 32),
	(75, '2020-07-06', 9),
	(76, '2020-08-18', 27),
	(77, '2020-10-08', 13),
	(78, '2020-11-20', 34),
	(79, '2020-12-24', 4),
	(80, '2021-02-05', 28),
	(81, '2021-03-11', 22),
	(82, '2021-05-07', 7),
	(83, '2021-06-22', 31),
	(84, '2021-07-29', 18),
	(85, '2021-09-08', 38),
	(86, '2021-10-17', 16),
	(87, '2021-11-18', 26),
	(88, '2022-01-09', 2),
	(89, '2022-02-13', 35),
	(90, '2022-03-10', 24),
	(91, '2020-01-15', 11),
	(92, '2020-02-17', 19),
	(93, '2020-04-04', 5),
	(94, '2020-06-06', 33),
	(95, '2020-07-12', 17),
	(96, '2020-08-26', 14),
	(97, '2020-10-04', 39),
	(98, '2020-11-06', 29),
	(99, '2020-12-22', 20),
	(100, '2021-01-19', 3);

-- Listage de la structure de table emp_prod. details_commandes
DROP TABLE IF EXISTS `details_commandes`;
CREATE TABLE IF NOT EXISTS `details_commandes` (
  `id` int(11) NOT NULL AUTO_INCREMENT,
  `commande_id` int(11) NOT NULL,
  `produit_id` int(11) NOT NULL,
  `quantite` int(11) NOT NULL,
  PRIMARY KEY (`id`),
  KEY `commande_id` (`commande_id`),
  KEY `produit_id` (`produit_id`),
  CONSTRAINT `details_commandes_ibfk_1` FOREIGN KEY (`commande_id`) REFERENCES `commandes` (`id`),
  CONSTRAINT `details_commandes_ibfk_2` FOREIGN KEY (`produit_id`) REFERENCES `produits` (`id`)
) ENGINE=InnoDB AUTO_INCREMENT=195 DEFAULT CHARSET=latin1;

-- Listage des données de la table emp_prod.details_commandes : ~194 rows (environ)
DELETE FROM `details_commandes`;
INSERT INTO `details_commandes` (`id`, `commande_id`, `produit_id`, `quantite`) VALUES
	(1, 1, 22, 6),
	(2, 1, 39, 2),
	(3, 2, 8, 1),
	(4, 2, 48, 6),
	(5, 3, 50, 2),
	(6, 3, 18, 3),
	(7, 4, 55, 3),
	(8, 4, 57, 8),
	(9, 5, 39, 1),
	(10, 5, 51, 2),
	(11, 6, 27, 7),
	(12, 6, 59, 4),
	(13, 7, 15, 9),
	(14, 7, 7, 5),
	(15, 8, 5, 3),
	(16, 8, 19, 6),
	(17, 9, 33, 4),
	(18, 9, 43, 2),
	(19, 10, 46, 5),
	(20, 10, 60, 2),
	(21, 11, 41, 4),
	(22, 11, 42, 1),
	(23, 12, 2, 2),
	(24, 12, 47, 7),
	(25, 13, 12, 9),
	(26, 13, 23, 1),
	(27, 14, 8, 8),
	(28, 14, 27, 2),
	(29, 15, 42, 6),
	(30, 15, 29, 3),
	(31, 16, 26, 3),
	(32, 16, 35, 8),
	(33, 17, 28, 1),
	(34, 17, 59, 2),
	(35, 18, 56, 7),
	(36, 18, 10, 1),
	(37, 19, 21, 2),
	(38, 19, 55, 3),
	(39, 20, 29, 3),
	(40, 20, 48, 6),
	(41, 21, 40, 1),
	(42, 21, 45, 2),
	(43, 22, 36, 7),
	(44, 22, 18, 5),
	(45, 23, 25, 1),
	(46, 23, 31, 3),
	(47, 24, 55, 8),
	(48, 24, 27, 1),
	(49, 25, 23, 2),
	(50, 25, 11, 6),
	(51, 26, 57, 4),
	(52, 26, 9, 9),
	(53, 27, 15, 7),
	(54, 27, 1, 2),
	(55, 28, 14, 4),
	(56, 28, 2, 1),
	(57, 29, 41, 3),
	(58, 29, 30, 6),
	(59, 30, 3, 3),
	(60, 30, 54, 1),
	(61, 31, 10, 4),
	(62, 31, 17, 9),
	(63, 32, 49, 8),
	(64, 32, 37, 1),
	(65, 33, 44, 2),
	(66, 33, 12, 4),
	(67, 34, 19, 6),
	(68, 34, 25, 2),
	(69, 35, 20, 1),
	(70, 35, 32, 8),
	(71, 36, 13, 3),
	(72, 36, 46, 5),
	(73, 37, 31, 1),
	(74, 37, 23, 2),
	(75, 38, 55, 7),
	(76, 38, 44, 1),
	(77, 39, 46, 2),
	(78, 39, 51, 9),
	(79, 40, 28, 3),
	(80, 41, 59, 1),
	(81, 41, 47, 2),
	(82, 42, 7, 8),
	(83, 43, 36, 5),
	(84, 43, 21, 2),
	(85, 44, 42, 1),
	(86, 44, 58, 7),
	(87, 45, 51, 2),
	(88, 45, 3, 3),
	(89, 46, 46, 1),
	(90, 46, 34, 9),
	(91, 47, 12, 5),
	(92, 47, 44, 1),
	(93, 48, 8, 7),
	(94, 48, 13, 2),
	(95, 49, 56, 4),
	(96, 49, 43, 6),
	(97, 50, 39, 9),
	(98, 50, 20, 1),
	(99, 51, 17, 5),
	(100, 51, 5, 3),
	(101, 52, 48, 2),
	(102, 52, 22, 1),
	(103, 53, 54, 6),
	(104, 54, 49, 4),
	(105, 54, 18, 1),
	(106, 55, 15, 5),
	(107, 55, 40, 2),
	(108, 56, 9, 1),
	(109, 56, 55, 7),
	(110, 57, 25, 2),
	(111, 57, 37, 6),
	(112, 58, 19, 9),
	(113, 58, 11, 1),
	(114, 59, 32, 5),
	(115, 59, 35, 2),
	(116, 60, 47, 1),
	(117, 60, 41, 7),
	(118, 61, 3, 3),
	(119, 61, 50, 5),
	(120, 62, 57, 1),
	(121, 62, 27, 9),
	(122, 63, 22, 4),
	(123, 63, 48, 2),
	(124, 64, 34, 1),
	(125, 64, 42, 7),
	(126, 65, 46, 3),
	(127, 65, 55, 5),
	(128, 66, 15, 7),
	(129, 66, 23, 2),
	(130, 67, 44, 1),
	(131, 67, 7, 9),
	(132, 68, 51, 5),
	(133, 68, 38, 1),
	(134, 69, 18, 2),
	(135, 69, 26, 7),
	(136, 70, 13, 3),
	(137, 70, 36, 6),
	(138, 71, 59, 1),
	(139, 71, 5, 8),
	(140, 72, 40, 4),
	(141, 72, 53, 2),
	(142, 73, 21, 5),
	(143, 73, 56, 1),
	(144, 74, 27, 7),
	(145, 74, 44, 2),
	(146, 75, 10, 1),
	(147, 75, 29, 9),
	(148, 76, 48, 4),
	(149, 76, 12, 2),
	(150, 77, 9, 5),
	(151, 77, 58, 1),
	(152, 78, 41, 7),
	(153, 78, 16, 2),
	(154, 79, 31, 5),
	(155, 79, 17, 1),
	(156, 80, 52, 3),
	(157, 80, 20, 7),
	(158, 81, 47, 1),
	(159, 81, 56, 9),
	(160, 82, 39, 5),
	(161, 83, 26, 1),
	(162, 84, 58, 5),
	(163, 84, 16, 2),
	(164, 85, 42, 1),
	(165, 85, 13, 9),
	(166, 86, 35, 4),
	(167, 86, 37, 2),
	(168, 87, 24, 5),
	(169, 87, 19, 1),
	(170, 88, 14, 3),
	(171, 88, 40, 6),
	(172, 89, 45, 1),
	(173, 89, 8, 8),
	(174, 90, 51, 5),
	(175, 90, 54, 1),
	(176, 91, 5, 2),
	(177, 91, 47, 7),
	(178, 92, 31, 9),
	(179, 92, 10, 1),
	(180, 93, 27, 4),
	(181, 93, 28, 2),
	(182, 94, 48, 1),
	(183, 94, 50, 9),
	(184, 95, 17, 7),
	(185, 95, 35, 2),
	(186, 96, 15, 5),
	(187, 96, 57, 1),
	(188, 97, 37, 2),
	(189, 97, 16, 8),
	(190, 98, 38, 4),
	(191, 98, 33, 2),
	(192, 99, 21, 5),
	(193, 99, 47, 1),
	(194, 100, 30, 7);

-- Listage de la structure de table emp_prod. produits
DROP TABLE IF EXISTS `produits`;
CREATE TABLE IF NOT EXISTS `produits` (
  `id` int(11) NOT NULL AUTO_INCREMENT,
  `nom` varchar(50) NOT NULL,
  `prix` decimal(8,2) NOT NULL,
  PRIMARY KEY (`id`),
  KEY `idx_produits_nom` (`nom`)
) ENGINE=InnoDB AUTO_INCREMENT=64 DEFAULT CHARSET=latin1;

-- Listage des données de la table emp_prod.produits : ~63 rows (environ)
DELETE FROM `produits`;
INSERT INTO `produits` (`id`, `nom`, `prix`) VALUES
	(1, 'T-shirt blanc', 25.99),
	(2, 'Jeans bleu', 79.99),
	(3, 'Chaussures de sport', 109.99),
	(4, 'Manteau en laine', 199.99),
	(5, 'Pantalon noir', 49.99),
	(6, 'Robe d\'été', 59.99),
	(7, 'Chapeau en paille', 14.99),
	(8, 'Sweat à capuche', 69.99),
	(9, 'Veste en cuir', 299.99),
	(10, 'Chaussures de ville', 89.99),
	(11, 'Veste de sport', 119.99),
	(12, 'Chemise en coton', 44.99),
	(13, 'Blouson aviateur', 199.99),
	(14, 'Polo rayé', 29.99),
	(15, 'Casquette de baseball', 19.99),
	(16, 'Pull en laine', 79.99),
	(17, 'Robe de soirée', 149.99),
	(18, 'Pantalon de jogging', 34.99),
	(19, 'Jupe plissée', 49.99),
	(20, 'Chemisier en soie', 99.99),
	(21, 'Veste en jean', 89.99),
	(22, 'Short de bain', 24.99),
	(23, 'Sacoche en cuir', 49.99),
	(24, 'Sweat zippé', 59.99),
	(25, 'Chapeau melon', 29.99),
	(26, 'Trench-coat', 149.99),
	(27, 'Pantalon chino', 59.99),
	(28, 'Cravate en soie', 39.99),
	(29, 'Robe bohème', 79.99),
	(30, 'Polo uni', 24.99),
	(31, 'Sandales', 39.99),
	(32, 'Veste de costume', 179.99),
	(33, 'T-shirt à logo', 29.99),
	(34, 'Chemise à carreaux', 49.99),
	(35, 'Pantalon en lin', 89.99),
	(36, 'Robe portefeuille', 129.99),
	(37, 'Sweat à message', 44.99),
	(38, 'Blouson en daim', 249.99),
	(39, 'Bottes en cuir', 129.99),
	(40, 'Veste matelassée', 99.99),
	(41, 'Jean skinny', 69.99),
	(42, 'Blazer', 149.99),
	(43, 'Chemise à pois', 34.99),
	(44, 'Robe longue', 169.99),
	(45, 'T-shirt graphique', 19.99),
	(46, 'Pantalon cargo', 59.99),
	(47, 'Sneakers', 99.99),
	(48, 'Veste à capuche', 119.99),
	(49, 'Robe cache-coeur', 89.99),
	(50, 'Chemise à rayures', 54.99),
	(51, 'Pull col roulé', 79.99),
	(52, 'Jupe en jean', 39.99),
	(53, 'Short en jean', 24.99),
	(54, 'Manteau oversize', 249.99),
	(55, 'Polo à rayures', 34.99),
	(56, 'Chaussures à talons', 89.99),
	(57, 'Veste en cuir synthétique', 69.99),
	(58, 'T-shirt tie-dye', 24.99),
	(59, 'Jean bootcut', 59.99),
	(60, 'Chemise en flanelle', 49.99),
	(61, 'Jean taille S', 59.99),
	(62, 'Jean taille M', 59.99),
	(63, 'Jean taille L', 59.99);

-- Listage de la structure de table emp_prod. villes
DROP TABLE IF EXISTS `villes`;
CREATE TABLE IF NOT EXISTS `villes` (
  `code_postal` varchar(5) NOT NULL,
  `ville` varchar(255) NOT NULL,
  PRIMARY KEY (`code_postal`)
) ENGINE=InnoDB DEFAULT CHARSET=latin1;

-- Listage des données de la table emp_prod.villes : ~55 rows (environ)
DELETE FROM `villes`;
INSERT INTO `villes` (`code_postal`, `ville`) VALUES
	('75001', 'Paris'),
	('75002', 'Paris'),
	('75003', 'Paris'),
	('75004', 'Paris'),
	('75005', 'Paris'),
	('75006', 'Paris'),
	('75007', 'Paris'),
	('75008', 'Paris'),
	('75009', 'Paris'),
	('75010', 'Paris'),
	('75011', 'Paris'),
	('75012', 'Paris'),
	('75014', 'Paris'),
	('75015', 'Paris'),
	('75016', 'Paris'),
	('75017', 'Paris'),
	('75018', 'Paris'),
	('75019', 'Paris'),
	('75020', 'Paris'),
	('76000', 'Rouen'),
	('76100', 'Rouen'),
	('76200', 'Dieppe'),
	('76300', 'Sotteville-lès-Rouen'),
	('76400', 'Fécamp'),
	('76500', 'Elbeuf'),
	('76600', 'Le Havre'),
	('76700', 'Harfleur'),
	('76800', 'Saint-Étienne-du-Rouvray'),
	('76920', 'Amfreville-la-Mi-Voie'),
	('76930', 'Octeville-sur-Mer'),
	('76940', 'La Mailleraye-sur-Seine'),
	('76950', 'Les Grandes-Ventes'),
	('76960', 'Notre-Dame-de-Bondeville'),
	('76970', 'Flamanville-Cauville'),
	('76980', 'Veules-les-Roses'),
	('77000', 'Melun'),
	('77100', 'Meaux'),
	('77200', 'Torcy'),
	('77300', 'Fontainebleau'),
	('77400', 'Thorigny-sur-Marne'),
	('77500', 'Chelles'),
	('77600', 'Bussy-Saint-Georges'),
	('77700', 'Chessy'),
	('77860', 'Quincy-Voisins'),
	('77910', 'Varreddes'),
	('78000', 'Versailles'),
	('78100', 'Saint-Germain-en-Laye'),
	('78200', 'Mantes-la-Jolie'),
	('78300', 'Poissy'),
	('78400', 'Chatou'),
	('78500', 'Sartrouville'),
	('78600', 'Maisons-Laffitte'),
	('78700', 'Conflans-Sainte-Honorine'),
	('78800', 'Houilles'),
	('78990', 'Élancourt');

/*!40103 SET TIME_ZONE=IFNULL(@OLD_TIME_ZONE, 'system') */;
/*!40101 SET SQL_MODE=IFNULL(@OLD_SQL_MODE, '') */;
/*!40014 SET FOREIGN_KEY_CHECKS=IFNULL(@OLD_FOREIGN_KEY_CHECKS, 1) */;
/*!40101 SET CHARACTER_SET_CLIENT=@OLD_CHARACTER_SET_CLIENT */;
/*!40111 SET SQL_NOTES=IFNULL(@OLD_SQL_NOTES, 1) */;
